Source response row,Timestamp,  What is your role?  ,  Years of experience:  ,Industry:  ,  How often do project requirements change?  ,  Level of user/stakeholder involvement during development?  ,Importance of strict deadlines?  ,Importance of staying within budget?  ,Level of project risk?  ,Complexity of system integration?  ,Level of security requirements?  ,Need for detailed documentation?  ,Project size (team/resources)?  ,Need for flexibility during development?  ,Which methodology was used in your project?  ,  How successful was the project?,Agile is suitable for projects with frequent requirement changes  ,Agile improves communication and collaboration  ,Agile works well in dynamic environments  ,Traditional methodology is suitable for stable projects  ,Traditional is better for high-security systems  ,  Traditional ensures better documentation and control  ,What challenges did you face in selecting a methodology?,"In your opinion, what is the most important factor when choosing a methodology?  "
1,4/11/2026 12:33:18,Project Manager,< 2 years,IT / Software,Frequently,3,5,5,4,3,5,Detailed documentation required,"Medium (6–15 members, moderate resources)",5,Agile,4,4,4,4,4,1,2,,
2,4/30/2026 15:30:16,Project Manager,2–5 years,IT / Software,Occasionally,2,3,5,4,3,4,Detailed documentation required,"Large (16–30 members, significant resources)",4,Hybrid,3,3,3,3,4,4,4,Different stakeholder expectations,Clarity and stability of requirements
3,4/30/2026 15:39:23,Software Developer,2–5 years,IT / Software,Frequently,3,4,4,3,4,3,Detailed documentation required,"Small (1–5 members, limited resources)",3,Agile,5,5,5,5,4,2,4,,The nature of the project and their stakeholders
4,4/30/2026 15:50:49,Project Manager,< 2 years,IT / Software,Frequently,4,5,4,4,3,5,Detailed documentation required,"Medium (6–15 members, moderate resources)",4,Agile,4,5,5,5,4,2,3,,
5,4/30/2026 15:51:52,Software Developer,2–5 years,IT / Software,Frequently,1,3,4,4,3,5,Detailed documentation required,"Medium (6–15 members, moderate resources)",3,Agile,4,4,3,3,2,2,2,,
6,4/30/2026 17:00:06,Business analyst,< 2 years,IT / Software,Occasionally,2,4,3,3,3,4,Detailed documentation required,"Medium (6–15 members, moderate resources)",4,Hybrid,4,3,3,3,3,3,3,,
7,4/30/2026 17:19:48,Software Developer,2–5 years,IT / Software,Frequently,2,5,5,5,3,5,Extensive documentation with strict standards,"Small (1–5 members, limited resources)",3,Agile,5,4,4,4,3,3,3,Need to go throughout all the requirements before selecting a requirement,Project requirements
8,4/30/2026 22:01:44,AI Engineer,< 2 years,IT / Software,Frequently,3,3,4,4,3,4,Detailed documentation required,"Medium (6–15 members, moderate resources)",5,Agile,4,2,4,3,2,2,3,Frequent change of requirements,Quick adaptability
9,5/1/2026 1:08:14,Software Developer,< 2 years,IT / Software,Never / Rarely,2,4,4,4,4,4,Detailed documentation required,"Medium (6–15 members, moderate resources)",4,Hybrid,5,4,4,4,3,3,3,,
10,5/1/2026 7:06:12,QA Engineer,< 2 years,IT / Software,Frequently,4,4,5,5,4,4,Detailed documentation required,"Small (1–5 members, limited resources)",4,Traditional (Waterfall),4,4,4,4,4,4,4,-,-
11,5/2/2026 19:44:07,Qulity Assurance Engineer,< 2 years,IT / Software,Occasionally,3,4,4,4,4,4,Moderate documentation needed,"Medium (6–15 members, moderate resources)",3,Agile,4,4,5,4,4,4,4,,Flexibility for requirement changes
12,5/10/2026 22:06:12,Cybersecurity engineer,< 2 years,IT / Software,Occasionally,2,4,5,5,4,5,Detailed documentation required,"Small (1–5 members, limited resources)",3,Hybrid,3,3,3,3,3,3,3,Time management,Deadline of the project
13,5/11/2026 6:59:32,Software Developer,< 2 years,IT / Software,Occasionally,4,4,5,4,4,5,Detailed documentation required,"Medium (6–15 members, moderate resources)",4,Hybrid,4,5,5,3,2,4,3,"The main challenge was balancing flexibility and structure because my projects have changing requirements, multiple integrations, and continuous improvements during development.","The most important factor is requirement clarity, because stable requirements suit traditional methods while changing requirements suit Agile better."
14,5/11/2026 18:26:33,Software Developer,2–5 years,IT / Software,Frequently,3,5,5,5,5,5,Detailed documentation required,"Medium (6–15 members, moderate resources)",5,Agile,5,5,5,5,2,2,2,,
15,5/12/2026 7:03:01,IS Auditor,2–5 years,IT / Software,Occasionally,3,3,4,3,2,4,Detailed documentation required,"Very Large (30+ members, high complexity and resources)",3,Hybrid,3,3,3,3,4,3,3,Final decision,Situation
16,6/17/2026 10:25:09,Project Manager,5–10 years,IT / Software,Frequently,4,5,4,3,4,4,Moderate documentation needed,"Medium (6–15 members, moderate resources)",5,Hybrid,4,5,5,5,4,3,4,"dealing with conflicting demands from the client. They wanted a fixed budget and a rigid timeline, which usually requires a traditional Waterfall approach. However, their team didn't have a clear idea of the final product and kept changing their minds about the core features. Trying to find a middle ground where we could accommodate their shifting requirements without blowing past the agreed budget and deadline was incredibly difficult.","It completely comes down to requirement stability and client adaptability. If the requirements are well-defined and unlikely to change, a traditional approach works fine. But if the scope is fluid, you need a flexible methodology, and more importantly, a client who understands that changing requirements mid-way means they have to actively collaborate with the team week in and week out."
17,6/17/2026 10:53:01,Software Developer,2–5 years,IT / Software,Frequently,5,4,3,3,4,3,Moderate documentation needed,"Medium (6–15 members, moderate resources)",5,Agile,5,5,5,5,3,2,3,"dealing with changing client requirements throughout the project. At the beginning, the team considered using a traditional approach because the scope appeared stable. However, after development started, stakeholders frequently requested modifications and additional features. We had to evaluate whether the selected methodology could accommodate these changes without causing major delays or budget overruns.","the stability of project requirements. When requirements change frequently, a flexible methodology such as Agile can help teams respond quickly. For projects with clearly defined requirements and strict governance needs, a more structured approach may be more suitable."
18,6/17/2026 11:19:43,Software Developer,2–5 years,IT / Software,Frequently,5,4,3,3,3,2,Moderate documentation needed,"Medium (6–15 members, moderate resources)",5,Agile,4,5,5,5,2,2,3,"The main challenge was that customer priorities changed after every product review, so a fixed plan became difficult to follow. We also had to manage expectations from non-technical stakeholders who wanted fast visible progress.",The most important factor was flexibility because the product scope was still evolving. Frequent stakeholder feedback helped the team correct direction before investing too much effort.
19,6/17/2026 12:42:23,Project Manager,5–10 years,IT / Software,Constantly,5,5,4,4,4,3,Basic documentation only,"Large (16–30 members, significant resources)",5,Agile,4,5,5,5,2,3,3,"Selecting a methodology was difficult because the client was experimenting with a new digital service and could not define all features upfront. The team needed short cycles, but management still wanted predictable reporting.",Requirement uncertainty was the strongest factor. A methodology had to support rapid reprioritization while still giving leadership enough visibility on deadlines and budget.
20,6/17/2026 12:54:38,System Analyst,< 2 years,Healthcare,Frequently,4,4,3,4,3,4,Moderate documentation needed,"Medium (6–15 members, moderate resources)",4,Agile,4,5,4,5,3,4,4,,
21,6/17/2026 13:04:15,Project Manager,10+ years,Banking / Finance,Never / Rarely,3,5,5,5,4,5,Extensive documentation with strict standards,"Very Large (30+ members, high complexity and resources)",2,Traditional (Waterfall),5,2,3,2,5,5,5,"Any change needed compliance and audit approval, so speed was not the main concern.",Regulatory compliance was the factor that overruled everything else.
22,6/17/2026 13:53:17,System Analyst,5–10 years,Government,Infrequently,3,4,5,4,3,5,Extensive documentation with strict standards,"Large (16–30 members, significant resources)",2,Traditional (Waterfall),4,2,3,2,5,5,5,"Government procurement rules made scope changes difficult after contract approval. A methodology with formal checkpoints suited the environment because accountability was part of the project, not an extra task.",Requirement stability
23,6/17/2026 14:02:25,System Analyst,2–5 years,IT / Software,Occasionally,3,4,5,3,3,3,Detailed documentation required,"Medium (6–15 members, moderate resources)",3,Hybrid,4,3,4,3,4,3,5,"The client had an approved process model, but review meetings still produced useful enhancement requests. We needed a way to accept practical refinements without reopening the entire scope.","Scope control was the main factor, with some room for sensible change."
24,6/17/2026 14:35:09,Software Developer,5–10 years,Retail,Occasionally,4,5,4,3,2,2,Basic documentation only,"Small (1–5 members, limited resources)",4,Agile,5,5,4,4,3,2,3,"Small team, fast decisions, changing interface, and very little patience for heavy process.","Delivery speed came first, provided the team still kept enough notes to avoid confusion later."
25,6/17/2026 14:37:30,Business Analysit,2–5 years,IT / Software,Frequently,5,3,3,2,4,2,Minimal documentation required,"Medium (6–15 members, moderate resources)",5,Agile,4,5,5,5,2,2,2,,
26,6/17/2026 14:54:58,Data Governance Officer,2–5 years,Banking / Finance,Occasionally,3,4,5,4,3,5,Detailed documentation required,"Medium (6–15 members, moderate resources)",3,Hybrid,4,4,3,4,4,5,5,"The bank required strict documentation for data handling, but business teams adjusted reporting requirements during development. The challenge was staying responsive without making compliance reviewers uncomfortable.",Compliance balance was the main factor.
27,6/17/2026 14:58:08,Software Developer,5–10 years,E-commerce,Occasionally,4,4,4,3,4,3,Moderate documentation needed,"Large (16–30 members, significant resources)",3,Hybrid,3,4,4,4,4,4,3,,
28,6/17/2026 20:57:20,Project Manager,2–5 years,Logistics,Frequently,5,5,5,3,3,2,Basic documentation only,"Small (1–5 members, limited resources)",5,Agile,4,5,5,5,2,2,2,,
29,6/17/2026 21:00:00,System Analyst,< 2 years,IT / Software,Frequently,5,4,4,3,3,2,Moderate documentation needed,"Small (1–5 members, limited resources)",4,Hybrid,4,5,4,5,3,2,3,"The team preferred Agile, but the client still wanted a project plan and formal acceptance records. Hybrid gave both sides something they could work with.",Stakeholder expectations
30,6/17/2026 21:04:15,Software Developer,2–5 years,Banking / Finance,Never / Rarely,2,4,4,5,3,5,Detailed documentation required,"Medium (6–15 members, moderate resources)",1,Traditional (Waterfall),4,2,2,2,5,5,5,Security rules limited experimentation,Security requirements
31,6/17/2026 21:07:53,Project Manager,5–10 years,Healthcare,Infrequently,3,5,4,5,4,5,Extensive documentation with strict standards,"Large (16–30 members, significant resources)",2,Traditional (Waterfall),4,2,3,2,5,5,5,,
32,6/22/2026 11:52:38,Software Developer,< 2 years,IT / Software,Frequently,3,5,5,3,5,5,Detailed documentation required,"Small (1–5 members, limited resources)",5,Agile,4,5,4,3,3,4,4,,
33,6/22/2026 12:03:49,Software Developer,2–5 years,IT / Software,Frequently,4,3,4,3,3,3,Moderate documentation needed,"Medium (6–15 members, moderate resources)",5,Agile,4,5,5,4,3,4,3,Getting the client to commit to a methodology at all. They kept saying just be flexible without understanding what that means for planning.,The team's experience level. You can't run Agile well with people who've never done it before.
34,6/22/2026 12:11:42,Project Manager,10+ years,Banking / Finance,Occasionally,3,5,5,4,4,4,Extensive documentation with strict standards,"Large (16–30 members, significant resources)",2,Traditional (Waterfall),5,3,4,3,5,5,5,"Convincing leadership that a structured approach isn't slower it's safer. In finance, we rarely have room for trial and error.",Regulatory compliance. Everything else comes second.
35,6/22/2026 14:56:14,System Analyst,5–10 years,Healthcare,Infrequently,2,4,4,4,4,5,Extensive documentation with strict standards,"Large (16–30 members, significant resources)",2,Traditional (Waterfall),4,2,3,3,5,5,5,Mapping compliance rules onto a methodology that wasn't originally designed with clinical workflows in mind.,
36,6/22/2026 15:54:25,Software Developer,< 2 years,IT / Software,Constantly,5,2,4,2,2,3,Basic documentation only,"Small (1–5 members, limited resources)",5,Agile,4,5,5,5,3,2,3,Getting everyone to actually do sprint retrospectives and not treat them as optional.,How fast the team can adapt to change.
37,6/22/2026 16:02:17,Project Manager,5–10 years,Government,Never / Rarely,2,5,5,3,3,4,Detailed documentation required,"Very Large (30+ members, high complexity and resources)",2,Traditional (Waterfall),3,1,3,2,5,5,5,,
38,6/22/2026 19:51:07,UX Designer,2–5 years,IT / Software,Frequently,4,2,2,2,2,2,Minimal documentation required,"Small (1–5 members, limited resources)",5,Agile,4,4,5,5,3,3,2,,
39,6/22/2026 20:23:32,Software Developer,5–10 years,IT / Software,Occasionally,3,4,4,3,4,3,Moderate documentation needed,"Medium (6–15 members, moderate resources)",3,Hybrid,4,4,4,4,4,3,4,,"Team culture. Not every developer is comfortable with daily standups, and forcing Agile on people who resist it creates friction."
40,6/22/2026 20:25:20,Project Manager,5–10 years,IT / Software,Occasionally,3,4,4,4,4,4,Detailed documentation required,"Large (16–30 members, significant resources)",3,Hybrid,5,4,4,4,4,3,4,Getting stakeholders from different departments to agree on requirements upfront. Everyone has different priorities.,Stakeholder alignment. A project with unclear ownership almost never ends well.
41,6/22/2026 21:15:37,System Analyst,2–5 years,Banking / Finance,Infrequently,3,4,5,4,4,4,Extensive documentation with strict standards,"Large (16–30 members, significant resources)",2,Traditional (Waterfall),4,3,4,3,5,4,5,Balancing documentation requirements with delivery speed. The audit trail matters but clients still want quick turnarounds.,"Security and traceability. In finance you need to know exactly what changed, when, and why."
42,6/22/2026 21:20:04,Software Developer,< 2 years,IT / Software,Frequently,4,2,4,2,2,2,Basic documentation only,"Small (1–5 members, limited resources)",4,Agile,4,4,5,5,3,3,3,,Communication between dev and design. We weren't always on the same page about what was being built.
43,6/22/2026 21:34:40,Project Manager,5–10 years,Healthcare,Infrequently,3,5,5,5,5,5,Extensive documentation with strict standards,"Very Large (30+ members, high complexity and resources)",1,Traditional (Waterfall),4,2,3,3,5,5,5,Retrofitting a traditional framework onto a project that had already started informally. Documentation handover took longer than development.,
44,6/22/2026 21:37:02,Business Analyst,2–5 years,Banking / Finance,Infrequently,4,4,4,3,3,4,Detailed documentation required,"Medium (6–15 members, moderate resources)",3,Hybrid,4,4,4,4,4,4,5,Convincing sponsors that Hybrid wasn't just doing Agile badly. People think Hybrid means indecisive.,The nature of the deliverable. Software products that evolve are different from systems with fixed regulatory outputs.
45,6/22/2026 21:42:18,Software Developer,2–5 years,IT / Software,Constantly,5,2,2,2,2,3,Minimal documentation required,"Small (1–5 members, limited resources)",5,Agile,4,5,5,5,2,2,3,Scope creep. When requirements change constantly it's hard to know when a feature is actually done.,
46,6/22/2026 21:47:41,System Analyst,10+ years,Government,Never / Rarely,2,5,5,4,5,5,Extensive documentation with strict standards,"Very Large (30+ members, high complexity and resources)",1,Traditional (Waterfall),4,3,3,2,5,5,5,The methodology was chosen by the contracting authority. Not much room to challenge it even when iteration would have helped.,"Political accountability. When public funds are involved, documentation and traceability aren't optional."
47,6/22/2026 21:55:26,Project Manager,5–10 years,IT / Software,Frequently,4,4,4,3,3,3,Moderate documentation needed,"Medium (6–15 members, moderate resources)",4,Agile,5,5,5,5,3,3,3,Keeping the product backlog meaningful. It's easy for it to become a dumping ground for every idea anyone ever had.,Team maturity. A motivated Agile-experienced team outperforms a reluctant one every time.
48,6/22/2026 21:57:20,Software Developer,10+ years,Healthcare,Never / Rarely,2,4,5,5,5,5,Extensive documentation with strict standards,"Large (16–30 members, significant resources)",1,Traditional (Waterfall),4,2,4,3,5,5,5,,The severity of consequences if the system fails. In healthcare a bug isn't just an inconvenience.
49,6/22/2026 22:02:03,DevOps Engineer,2–5 years,IT / Software,Frequently,3,4,4,3,4,3,Moderate documentation needed,"Medium (6–15 members, moderate resources)",4,Agile,4,4,4,5,3,3,3,Infrastructure work gets overlooked in Agile planning. The dev team focuses on features while ops work gets pushed to the next sprint.,Deployment environment constraints. A great methodology still fails if infrastructure can't support continuous delivery.
50,6/22/2026 22:07:57,Project Manager,5–10 years,Banking / Finance,Occasionally,3,5,5,4,4,5,Detailed documentation required,"Large (16–30 members, significant resources)",2,Hybrid,4,3,4,3,4,5,5,Regulatory timelines don't bend. We use Agile internally but external reporting follows a waterfall structure. Not elegant but it works.,Risk tolerance of the organization. A risk-averse client will reject Agile regardless of its merits.
51,6/22/2026 22:11:52,Software Developer,< 2 years,IT / Software,Frequently,4,1,2,2,2,2,Basic documentation only,"Small (1–5 members, limited resources)",5,Agile,4,5,5,5,2,2,2,We were all junior devs and Agile gave us room to learn without breaking a rigid process. We probably needed more oversight though.,
52,6/23/2026 18:20:12,System Analyst,5–10 years,IT / Software,Occasionally,4,4,4,3,3,3,Moderate documentation needed,"Medium (6–15 members, moderate resources)",3,Hybrid,5,4,4,4,4,3,4,,Clarity of the problem domain. Well-understood problems tolerate structure; novel ones need flexibility.
53,6/23/2026 18:26:23,Project Manager,2–5 years,IT / Software,Frequently,4,2,4,2,2,3,Basic documentation only,"Small (1–5 members, limited resources)",4,Agile,4,4,5,4,3,3,3,Getting buy-in from stakeholders who were used to Gantt charts and didn't trust sprint reviews as a progress indicator.,
54,6/23/2026 18:30:21,Quality Assurance,5–10 years,IT / Software,Occasionally,3,4,4,3,3,4,Detailed documentation required,"Medium (6–15 members, moderate resources)",3,Hybrid,4,4,4,4,4,4,4,QA is often squeezed in Agile. There's pressure to ship every sprint and testing becomes reactive instead of proactive.,Quality expectations. Cutting corners in testing always comes back to bite you.
55,6/23/2026 18:38:25,Software Developer,5–10 years,Government,Never / Rarely,1,5,5,5,5,5,Extensive documentation with strict standards,"Very Large (30+ members, high complexity and resources)",1,Traditional (Waterfall),4,3,3,2,5,5,5,When scope is defined by legislation there's not much methodology choice. The challenge is managing internal complexity within a rigid external framework.,Contractual obligations. The contract often makes the methodology decision for you.
56,6/23/2026 18:47:46,Business Analyst,2–5 years,IT / Software,Frequently,4,3,3,3,3,3,Moderate documentation needed,"Medium (6–15 members, moderate resources)",4,Agile,4,4,5,4,3,3,3,Getting developers to act on requirements in the same sprint they were documented was harder than expected. There's always a lag.,How clearly the requirements can be defined upfront. That determines almost everything else.
57,6/23/2026 18:58:11,QA Engineer,5–10 years,Banking / Finance,Infrequently,3,4,5,4,4,5,Extensive documentation with strict standards,"Large (16–30 members, significant resources)",2,Traditional (Waterfall),4,2,3,2,5,5,5,Test cycles kept getting compressed whenever development ran late. By the end we were rubber-stamping builds rather than actually testing them.,Build quality coming into QA. A methodology that prioritizes code quality upstream saves enormous pain downstream.
58,6/23/2026 19:09:12,Project Manager,5–10 years,Healthcare,Infrequently,3,4,5,4,5,5,Detailed documentation required,"Large (16–30 members, significant resources)",2,Traditional (Waterfall),2,2,3,3,4,5,5,Coordinating sign-offs from clinical leads who had very limited availability. Every approval gate became a bottleneck.,Stakeholder availability. Even the best methodology stalls when the people who need to approve things aren't reachable.
59,6/23/2026 19:20:17,System Analyst,< 2 years,IT / Software,Frequently,4,2,2,2,2,2,Basic documentation only,"Small (1–5 members, limited resources)",4,Agile,4,4,4,5,3,3,3,,"The product vision. If the team doesn't understand what they're building and why, methodology doesn't really matter."
60,6/23/2026 19:30:09,Project Manager,10+ years,IT / Software,Constantly,5,4,4,3,4,3,Moderate documentation needed,"Large (16–30 members, significant resources)",4,Agile,5,5,5,5,3,3,4,Managing a large Agile team is genuinely hard. Coordination overhead grows faster than people expect past 15 developers.,Team size and distribution. Remote Agile teams need much more intentional communication structures.
61,6/23/2026 19:37:29,QA Engineer,2–5 years,IT / Software,Frequently,4,3,3,3,3,3,Moderate documentation needed,"Medium (6–15 members, moderate resources)",4,Agile,4,4,4,4,3,3,3,Writing test cases for features that weren't fully specified. Half the time requirements changed after I'd already written the tests.,"Clear acceptance criteria before development starts. Without them, QA becomes a negotiation rather than a verification."
62,6/23/2026 20:38:34,Business Analyst,2–5 years,IT / Software,Constantly,5,2,3,2,2,2,Basic documentation only,"Small (1–5 members, limited resources)",5,Agile,4,5,5,5,2,2,3,Keeping requirements documentation current when the product was changing every two weeks. We eventually switched to living documents on Confluence.,The product owner's ability to make fast decisions. Slow decisions kill Agile momentum.
63,6/23/2026 20:40:03,Software Developer,2–5 years,Healthcare,Infrequently,3,4,4,4,4,5,Detailed documentation required,"Medium (6–15 members, moderate resources)",2,Traditional (Waterfall),4,3,3,3,5,4,5,,
65,6/24/2026 8:14:14,Product Owner,5–10 years,IT / Software,Frequently,4,4,4,3,3,3,Moderate documentation needed,"Medium (6–15 members, moderate resources)",4,Agile,4,5,5,5,3,3,3,Prioritizing the backlog is the hardest ongoing task. Everyone thinks their feature is the most important one.,Stakeholder clarity on priorities. Without it the team ends up making product decisions they shouldn't have to.
66,6/24/2026 8:22:42,System Analyst,5–10 years,Banking / Finance,Never / Rarely,2,5,5,5,4,5,Extensive documentation with strict standards,"Large (16–30 members, significant resources)",1,Traditional (Waterfall),4,2,3,2,5,5,5,Auditors expected documentation at every stage. Agile's lightweight docs approach would have created compliance gaps.,Security. In financial systems you can't iterate your way to security compliance — it has to be designed in from day one.
67,6/24/2026 8:32:55,Software Developer,2–5 years,IT / Software,Occasionally,3,4,4,3,3,3,Moderate documentation needed,"Small (1–5 members, limited resources)",3,Agile,4,4,4,4,4,3,3,Sprint length was a constant debate. Two weeks felt too short for some features and too long for quick bug fixes.,
68,6/24/2026 9:03:45,Project Manager,5–10 years,Government,Never / Rarely,2,5,5,4,5,5,Extensive documentation with strict standards,"Very Large (30+ members, high complexity and resources)",1,Traditional (Waterfall),5,2,3,2,5,5,5,The procurement timeline added four months before we could even begin. The actual project work was almost secondary to the administrative overhead.,"Political and institutional constraints. In government, the environment shapes the methodology more than the project does."
69,6/24/2026 9:06:23,Scrum Master,5–10 years,IT / Software,Frequently,5,2,4,2,3,3,Basic documentation only,"Medium (6–15 members, moderate resources)",5,Agile,5,5,5,5,3,3,3,"Protecting the team from mid-sprint scope changes. Product owners sometimes treat the sprint as a flexible container, which defeats the purpose.",Team psychological safety. Agile ceremonies only work if people feel safe enough to raise problems honestly.
70,6/24/2026 9:36:52,Software Developer,5–10 years,IT / Software,Frequently,4,4,4,3,4,3,Moderate documentation needed,"Medium (6–15 members, moderate resources)",4,Agile,5,5,5,5,3,3,4,,How often requirements are expected to change. That single factor determines almost everything else about methodology fit.
71,6/24/2026 9:55:05,Business Analyst,2–5 years,IT / Software,Occasionally,3,4,4,3,4,3,Moderate documentation needed,"Medium (6–15 members, moderate resources)",3,Hybrid,4,4,4,4,4,3,4,Translating business needs into technical requirements that developers could actually act on was the constant challenge. The gap between business language and technical language is real.,"The quality of the initial discovery phase. If you rush requirements gathering, every subsequent phase suffers."
72,6/24/2026 16:29:48,QA Engineer,5–10 years,Healthcare,Infrequently,3,4,5,5,5,5,Extensive documentation with strict standards,"Large (16–30 members, significant resources)",2,Traditional (Waterfall),4,2,3,2,5,5,5,Regression testing in a healthcare system is enormous. Every change touches something else and the test suite takes days to run fully.,
73,6/24/2026 16:33:00,System Analyst,5–10 years,Healthcare,Infrequently,3,4,4,5,5,5,Extensive documentation with strict standards,"Large (16–30 members, significant resources)",2,Traditional (Waterfall),4,3,4,3,5,5,5,Clinical workflow integration always takes longer than estimated. Healthcare professionals aren't available for requirements sessions the way corporate stakeholders are.,Patient safety implications. The cost of a defect in healthcare is categorically different from most industries.
74,6/24/2026 16:37:09,Project Manager,10+ years,IT / Software,Frequently,4,3,4,3,3,3,Moderate documentation needed,"Large (16–30 members, significant resources)",4,Agile,4,5,5,5,3,3,3,,
75,6/24/2026 19:25:31,Software Developer,< 2 years,IT / Software,Frequently,4,1,1,2,2,2,Minimal documentation required,"Small (1–5 members, limited resources)",5,Agile,4,4,4,4,2,2,2,,The people on the team. A great team with the wrong methodology beats an average team with the perfect methodology.
76,6/24/2026 19:27:38,Business Analyst,< 2 years,IT / Software,Frequently,4,2,3,2,3,2,Basic documentation only,"Small (1–5 members, limited resources)",5,Agile,4,4,5,5,2,2,3,This was my first real project and I struggled with scoping user stories at the right level. Too broad and developers got lost. Too narrow and we lost sight of the bigger picture.,Mentorship and support for junior BAs. The methodology matters less than having an experienced person to guide you through it.
77,6/24/2026 19:35:34,Project Manager,10+ years,Banking / Finance,Infrequently,3,5,5,4,4,4,Detailed documentation required,"Large (16–30 members, significant resources)",2,Hybrid,4,3,4,3,4,4,5,Agile for the development core and Waterfall for governance worked well. Getting both sides to respect each other's rhythm was the hard part.,Governance and audit requirements. These aren't negotiable in financial services.
78,6/24/2026 20:46:29,Other: Technical Lead,5–10 years,IT / Software,Occasionally,3,4,4,3,4,4,Detailed documentation required,"Medium (6–15 members, moderate resources)",3,Hybrid,4,4,4,4,4,4,4,Estimating effort accurately in a hybrid environment is tricky. Agile story points and Waterfall task estimates don't convert easily.,
80,6/24/2026 20:50:59,QA Engineer,2–5 years,IT / Software,Occasionally,3,3,3,3,3,3,Moderate documentation needed,"Medium (6–15 members, moderate resources)",3,Hybrid,4,4,4,4,3,3,4,Test environments didn't match production and we kept finding bugs post-deployment that never appeared in testing. Environment parity is still underinvested in most teams I've worked on.,
81,6/24/2026 20:53:17,Business Analyst,2–5 years,E-Commerce,Frequently,4,3,3,3,3,3,Moderate documentation needed,"Medium (6–15 members, moderate resources)",4,Agile,4,5,5,5,3,2,3,Retail has seasonal deadlines that can't slip. Balancing Agile flexibility with hard launch dates required a lot of careful sprint planning in the months before a peak season.,Business calendar alignment. Retail projects live and die by seasonal windows — any methodology has to respect that constraint.
82,6/24/2026 21:00:57,Software Developer,2–5 years,IT / Software,Frequently,4,2,2,2,2,3,Basic documentation only,"Small (1–5 members, limited resources)",4,Agile,4,5,4,5,3,3,3,,
84,6/25/2026 7:43:48,QA Engineer,< 2 years,IT / Software,Frequently,4,5,5,4,5,5,Detailed documentation required,"Medium (6–15 members, moderate resources)",3,Agile,4,3,4,4,3,3,3,,
85,6/25/2026 7:57:48,IT Support Engineer,< 2 years,IT / Software,Occasionally,3,3,3,3,3,3,Moderate documentation needed,"Small (1–5 members, limited resources)",3,Agile,4,4,4,4,3,3,3,Documentation for systems we supported was almost always out of date. Half my time was spent figuring out how things actually worked rather than using the documentation that existed.,Documentation currency. Outdated docs are sometimes worse than no docs because they send you in the wrong direction confidently.
86,6/25/2026 8:41:25,Project Manager,2–5 years,IT / Software,Occasionally,3,4,4,3,3,3,Moderate documentation needed,"Medium (6–15 members, moderate resources)",3,Hybrid,4,4,4,4,3,3,4,Switching between Agile-style iterations for development and Waterfall-style reporting for stakeholders required mentally shifting modes multiple times a week.,
87,6/25/2026 8:43:26,DevOps Engineer,< 2 years,IT / Software,Frequently,4,3,3,3,4,3,Basic documentation only,"Small (1–5 members, limited resources)",4,Agile,4,4,4,5,3,3,3,Setting up CI/CD pipelines from scratch while simultaneously supporting an active development team meant I was always context-switching between infrastructure and support work.,Pipeline stability. A CI/CD pipeline that breaks frequently destroys developer confidence and slows the whole team down.
88,6/25/2026 8:45:27,QA Engineer,2–5 years,IT / Software,Constantly,5,2,3,2,2,2,Minimal documentation required,"Small (1–5 members, limited resources)",5,Agile,3,4,4,5,2,2,3,,Automation investment. Teams that don't invest in automation early will always be fighting a testing backlog.
89,6/25/2026 8:52:35,Fullstack Developer,< 2 years,IT / Software,Constantly,5,2,2,2,3,2,Minimal documentation required,"Small (1–5 members, limited resources)",5,Agile,4,5,5,5,2,2,2,Context-switching between front-end bugs and back-end feature work inside the same sprint was mentally draining. There was never a clean separation of concerns.,Sprint planning clarity. Knowing exactly what you're building for two weeks makes a huge difference to how efficiently you can actually build it.
90,6/25/2026 10:20:06,Business Analyst,< 2 years,IT / Software,Frequently,4,3,3,3,3,2,Basic documentation only,"Small (1–5 members, limited resources)",4,Agile,4,4,5,4,3,2,3,"I was writing user stories for features that kept shifting. By the time I finished documenting one requirement, the scope had already moved on.",
91,6/25/2026 10:27:49,Software Developer,2–5 years,Healthcare,Infrequently,3,4,4,4,4,5,Detailed documentation required,"Medium (6–15 members, moderate resources)",2,Traditional (Waterfall),4,3,3,3,4,5,5,,"Regulatory environment. If your system processes protected health information, the methodology almost picks itself."
92,6/25/2026 10:30:41,Fullstack Developer,2–5 years,IT / Software,Frequently,4,3,3,3,3,3,Basic documentation only,"Small (1–5 members, limited resources)",4,Agile,4,4,5,4,3,2,3,API contracts between front-end and back-end were often agreed verbally and then changed unilaterally. A bit more documentation discipline would have saved hours of debugging.,Technical communication within the team. Small agreements that aren't written down become big disagreements later.
93,6/25/2026 10:56:42,QA Engineer,< 2 years,IT / Software,Frequently,4,3,3,3,3,3,Basic documentation only,"Small (1–5 members, limited resources)",4,Agile,4,4,4,4,3,3,3,Features arrived in QA without clear acceptance criteria. I was guessing what 'done' meant and that made test case writing really difficult.,"Defined acceptance criteria. Without them, QA becomes a matter of personal interpretation rather than objective verification."
94,6/25/2026 10:58:23,DevOps Engineer,2–5 years,IT / Software,Frequently,4,3,3,3,4,3,Moderate documentation needed,"Medium (6–15 members, moderate resources)",4,Agile,4,4,4,4,3,3,3,,
95,6/25/2026 11:11:01,Business Analyst,2–5 years,Banking / Finance,Occasionally,3,4,4,4,4,4,Extensive documentation with strict standards,"Medium (6–15 members, moderate resources)",2,Traditional (Waterfall),4,2,3,3,5,5,5,"Sign-off chains in finance are long. A single requirements document could take three weeks to get approved because it had to go through risk, legal, and compliance separately.",
96,6/25/2026 11:13:03,IT Support Engineer,2–5 years,IT / Software,Infrequently,3,3,3,3,3,4,Moderate documentation needed,"Medium (6–15 members, moderate resources)",3,Traditional (Waterfall),4,3,3,3,4,4,4,,
98,6/25/2026 11:30:48,Data Engineer,2–5 years,IT / Software,Occasionally,3,4,4,3,4,3,Moderate documentation needed,"Medium (6–15 members, moderate resources)",3,Agile,4,4,4,4,3,3,3,,
99,6/25/2026 11:32:31,Software Developer,2–5 years,IT / Software,Occasionally,3,4,4,3,3,3,Moderate documentation needed,"Medium (6–15 members, moderate resources)",3,Hybrid,4,4,4,4,4,3,4,,Honest communication within the team. A team that surfaces problems early can work within almost any methodology.
100,6/25/2026 11:34:15,Project Manager,< 2 years,Government,Infrequently,2,5,5,4,4,5,Extensive documentation with strict standards,"Large (16–30 members, significant resources)",1,Traditional (Waterfall),3,2,3,2,5,5,5,Everything required written approval and the approval process was slower than the actual work. I spent more time chasing signatures than managing the project.,Process maturity of the organisation. A team that's never done structured project governance before will struggle with any formal methodology.
101,6/25/2026 11:41:14,QA Engineer,< 2 years,IT / Software,Occasionally,3,3,3,3,3,3,Moderate documentation needed,"Medium (6–15 members, moderate resources)",3,Agile,4,4,4,4,3,3,3,,Environment consistency. Test environments that don't reflect production make QA work unreliable and erode trust in the testing process.
102,6/25/2026 13:45:00,Fullstack Developer,< 2 years,IT / Software,Frequently,4,2,3,2,3,2,Basic documentation only,"Small (1–5 members, limited resources)",5,Agile,4,5,5,5,2,2,3,Being the only developer who knew both layers meant I was constantly getting pulled into issues that weren't in the sprint. The team relied on me as a single point of failure.,Bus factor. Any team where one person is the only one who understands critical parts of the system is running a hidden risk.
103,6/25/2026 13:47:07,Business Analyst,< 2 years,Healthcare,Infrequently,3,4,4,4,4,4,Detailed documentation required,"Medium (6–15 members, moderate resources)",2,Traditional (Waterfall),4,2,3,3,5,4,5,Understanding clinical terminology well enough to translate it into functional requirements was a steep learning curve as a junior BA.,Domain knowledge
104,6/25/2026 14:49:00,QA Engineer,2–5 years,Healthcare,Infrequently,3,4,5,5,5,5,Extensive documentation with strict standards,"Large (16–30 members, significant resources)",2,Traditional (Waterfall),4,2,3,2,5,5,5,,Traceability
105,6/25/2026 15:25:20,IT Support Engineer,< 2 years,Healthcare,Occasionally,3,3,4,3,3,4,Detailed documentation required,"Medium (6–15 members, moderate resources)",3,Traditional (Waterfall),3,2,3,3,4,4,5,Supporting clinical staff during system transitions required a lot of on-site presence and patience.,"User empathy. Technical competence matters, but support engineers who can communicate calmly with stressed users are far more effective than those who can't."
106,6/25/2026 17:43:35,DevOps Engineer,< 2 years,IT / Software,Occasionally,3,3,3,3,4,4,Moderate documentation needed,"Medium (6–15 members, moderate resources)",3,Agile,3,4,4,4,3,3,3,,
107,6/25/2026 17:45:07,Business Analyst,2–5 years,IT / Software,Frequently,4,3,3,3,3,3,Moderate documentation needed,"Medium (6–15 members, moderate resources)",4,Hybrid,4,4,4,4,3,3,3,Bridging the gap between what business stakeholders wanted and what developers thought they heard was the everyday challenge. Wireframes helped more than written specs.,Visual communication. Mockups and process diagrams reduce misunderstandings far more than detailed text requirements ever did.
108,6/25/2026 17:49:48,Project Manager,2–5 years,Banking / Finance,Infrequently,3,5,5,4,4,5,Detailed documentation required,"Large (16–30 members, significant resources)",2,Hybrid,4,3,3,3,4,5,5,Reporting to both an Agile delivery team and a traditional governance board meant I was essentially producing two sets of project artefacts for the same work.,Governance structure alignment.
109,6/26/2026 8:48:48,Business Analyst,2–5 years,IT / Software,Constantly,5,2,3,2,3,2,Minimal documentation required,"Small (1–5 members, limited resources)",5,Agile,4,5,5,5,2,2,3,Keeping everyone aligned when the product direction changed mid-sprint.,Stakeholder availability for quick decisions.
110,7/11/2026 11:50:42,Project Manager,< 2 years,IT / Software,Frequently,4,3,3,3,3,3,Moderate documentation needed,"Small (1–5 members, limited resources)",4,Agile,4,4,5,4,3,3,3,,
111,7/11/2026 11:52:47,Full Stack Developer,2–5 years,IT / Software,Occasionally,3,4,4,3,4,3,Moderate documentation needed,"Medium (6–15 members, moderate resources)",3,Hybrid,4,4,4,4,4,3,3,"Database schema changes mid-project were the most disruptive events. When the data model shifts, both front-end and back-end need updating simultaneously and that's hard to plan in sprints.",Database change management. Teams that treat schema migrations as afterthoughts create enormous technical debt that compounds over time.
