question_id,construct,prompt,rationale,survey_factors,qualitative_evidence,evidence_class,limitation,construct_weight,nominal_question_influence_percent,full_document_coverage_question_influence_percent
Q11,FLEXIBILITY,How much are requirements expected to change after development begins?,Requirement volatility is the strongest closed-question separator and directly determines how useful iterative reprioritization may be.,Requirements Change (eta-squared=0.682),Requirement uncertainty/scope: 27/69 challenges and 21/71 important-factor answers.,Direct quantitative + qualitative,Historical association does not prove that changing requirements caused the methodology choice.,1.37,11.4107,8.558
Q12,FLEXIBILITY,How much uncertainty exists about the final solution and its acceptance criteria?,Solution uncertainty captures discovery work that simple requirement-change frequency does not fully describe.,Requirements Change (eta-squared=0.682); Flexibility Need (eta-squared=0.651),Requirement uncertainty/scope: 27/69 challenges and 21/71 important-factor answers.,Indirect quantitative + qualitative,Acceptance-criteria uncertainty was not a separate closed survey item and needs expert/cognitive validation.,1.37,11.4107,8.558
Q13,FLEXIBILITY,How often can an authorized stakeholder review work and make priority decisions?,Iterative delivery requires available stakeholders with enough authority to provide timely feedback and priority decisions.,Stakeholder Involvement (eta-squared=0.337),Stakeholders/communication: 19/69 challenges and 17/71 important-factor answers.,Related quantitative + qualitative,Past involvement is not identical to future availability or decision authority.,1.37,11.4107,8.558
Q14,FLEXIBILITY,"How capable is the team of planning, building, testing, and reviewing work in short cycles?",The open responses identify team maturity and culture as the most frequent self-reported selection factor.,No exact closed survey factor,Team capability/culture: 16/69 challenges and 22/71 important-factor answers.,Qualitative/proxy,Team short-cycle capability was not measured by a closed survey item.,1.37,11.4107,8.558
Q15,PERFORMANCE,"How fixed is the delivery date because of contractual, legal, launch, or external commitments?",Externally fixed dates reduce delivery-plan discretion and increase the importance of predictive control.,Deadline Pressure (eta-squared=0.222),Time/budget/planning: 11/69 challenges and 5/71 important-factor answers.,Related quantitative + qualitative,Deadline importance is not identical to an immovable external deadline.,0.64,7.1164,5.3373
Q16,PERFORMANCE,How fixed is the project budget or funding ceiling?,"A fixed funding ceiling constrains scope, schedule, and delivery trade-offs.",Budget Pressure (eta-squared=0.299),Time/budget/planning: 11/69 challenges and 5/71 important-factor answers.,Related quantitative + qualitative,Budget importance is only a proxy for contractual funding rigidity.,0.64,7.1164,5.3373
Q17,PERFORMANCE,How much formal approval is required before the delivery plan can be changed?,"Approval gates determine whether the team can make iterative trade-offs without procurement, board, or contractual escalation.",No exact closed survey factor,Governance/compliance/security: 17/69 challenges and 16/71 important-factor answers.,Qualitative/proxy,Change-approval authority was not measured as a closed survey variable.,0.64,7.1164,5.3373
Q18,STRICTNESS,"What level of regulatory, legal, or audit obligation applies?","Mandatory obligations create evidence, approval, and traceability requirements that must shape delivery governance.",Security Requirements (eta-squared=0.416); Documentation Need (eta-squared=0.542),Governance/compliance/security: 17/69 challenges and 16/71 important-factor answers.,Indirect quantitative + qualitative,Regulatory and audit obligations were not isolated from security/documentation in the closed survey.,0.99,6.6016,4.9512
Q19,STRICTNESS,What is the highest credible consequence if the system fails or is compromised?,"Failure consequence distinguishes routine delivery risk from safety, privacy, financial, or legally significant exposure.",Project Risk (eta-squared=0.399); Security Requirements (eta-squared=0.416),Quality/risk/safety: 8/69 challenges and 10/71 important-factor answers.,Related quantitative + qualitative,The original risk and security ratings did not use consequence-based anchors.,0.99,6.6016,4.9512
Q20,STRICTNESS,How much controlled documentation and end-to-end traceability is required?,Formal documentation and traceability were among the strongest Traditional-oriented separators in the survey.,Documentation Need (eta-squared=0.542),Documentation/control: 15/69 challenges and 4/71 important-factor answers.,Direct quantitative + qualitative,Documentation need may partly reflect the sample's industry composition.,0.99,6.6016,4.9512
Q21,STRICTNESS,"How dependent is delivery on external vendors, legacy systems, or interfaces outside the team's control?","External technical dependencies constrain sequencing, release timing, testing, and change autonomy.",Integration Complexity (eta-squared=0.253),Technical delivery context: 9/69 challenges and 9/71 important-factor answers.,Related quantitative + qualitative,Integration complexity can exist without an external dependency.,0.99,6.6016,4.9512
Q22,STRICTNESS,How much coordination and sequencing is required across teams or organizations?,Larger and cross-organizational projects require more explicit coordination and dependency management.,Project Size (eta-squared=0.415),"Coordination appeared across stakeholder, technical-context, and governance responses.",Proxy quantitative + qualitative,Team size is a proxy; it does not directly measure coupling or sequencing.,0.99,6.6016,4.9512
